ID,Target,Usage
0,1,Private
1,2,Private
2,2,Private
3,0,Private
4,2,Private
5,2,Private
6,0,Public
7,1,Private
8,2,Private
9,0,Private
10,0,Private
11,1,Private
12,1,Public
13,1,Private
14,1,Private
15,1,Private
16,2,Private
17,0,Private
18,0,Private
19,0,Private
20,2,Private
21,0,Private
22,0,Private
23,2,Private
24,1,Private
25,2,Public
26,2,Private
27,0,Private
28,1,Private
29,0,Private
30,2,Private
31,1,Private
32,1,Private
33,1,Private
34,1,Public
35,2,Private
36,1,Private
37,2,Private
38,0,Private
39,2,Private
40,1,Private
41,2,Private
42,2,Private
43,0,Private
44,0,Private
45,1,Private
46,1,Private
47,1,Private
48,1,Private
49,2,Public
50,2,Private
51,0,Private
52,0,Private
53,2,Private
54,0,Private
55,1,Private
56,0,Public
57,2,Private
58,2,Private
59,2,Private
60,2,Public
61,1,Private
62,1,Private
63,2,Private
64,0,Private
65,2,Public
66,2,Private
67,2,Public
68,0,Private
69,2,Private
70,2,Private
71,0,Private
72,2,Private
73,0,Private
74,1,Private
75,2,Private
76,0,Private
77,0,Private
78,0,Public
79,1,Private
80,1,Private
81,0,Private
82,0,Private
83,1,Public
84,1,Private
85,2,Private
86,2,Private
87,0,Private
88,1,Public
89,1,Private
90,1,Public
91,0,Public
92,0,Private
93,2,Public
94,1,Private
95,2,Private
96,2,Private
97,2,Public
98,0,Private
99,1,Private
100,1,Private
101,0,Private
102,1,Private
103,1,Private
104,1,Public
105,1,Private
106,0,Public
107,2,Private
108,0,Private
109,1,Private
110,0,Private
111,2,Public
112,2,Private
113,2,Private
114,1,Public
115,0,Private
116,1,Private
117,0,Private
118,0,Private
119,1,Private
120,1,Private
121,0,Private
122,2,Private
123,0,Private
124,2,Private
125,1,Private
126,0,Private
127,1,Private
128,1,Public
129,0,Private
130,0,Private
131,1,Public
132,0,Private
133,0,Private
134,1,Private
135,0,Private
136,0,Private
137,1,Private
138,2,Private
139,1,Private
140,2,Private
141,1,Private
142,2,Private
143,0,Private
144,1,Private
145,0,Private
146,2,Private
147,1,Private
148,0,Private
149,2,Public
150,1,Private
151,0,Private
152,0,Private
153,2,Private
154,0,Private
155,0,Public
156,0,Private
157,0,Private
158,0,Public
159,1,Private
160,0,Public
161,2,Private
162,2,Public
163,1,Private
164,2,Private
165,0,Private
166,0,Private
167,2,Private
168,2,Private
169,2,Private
170,2,Private
171,2,Private
172,2,Private
173,2,Private
174,0,Private
175,0,Private
176,0,Private
177,1,Private
178,1,Private
179,2,Private
180,0,Private
181,0,Private
182,2,Private
183,2,Public
184,2,Public
185,2,Private
186,2,Private
187,0,Public
188,2,Private
189,2,Private
190,1,Private
191,2,Private
192,0,Private
193,2,Private
194,0,Private
195,1,Private
196,1,Private
197,0,Private
198,1,Private
199,2,Private
200,2,Private
201,1,Private
202,2,Public
203,1,Private
204,2,Private
205,2,Private
206,1,Private
207,0,Private
208,2,Private
209,1,Private
210,1,Private
211,1,Private
212,2,Private
213,0,Private
214,1,Private
215,0,Private
216,2,Public
217,1,Public
218,2,Public
219,0,Public
220,2,Public
221,0,Private
222,0,Public
223,2,Public
224,2,Public
225,0,Private
226,2,Private
227,0,Private
228,2,Private
229,0,Public
230,1,Private
231,2,Private
232,0,Private
233,1,Private
234,0,Private
235,2,Private
236,1,Private
237,0,Public
238,2,Public
239,1,Private
240,0,Private
241,1,Private
242,2,Private
243,1,Private
244,1,Private
245,2,Private
246,1,Private
247,0,Private
248,2,Public
249,0,Private
250,1,Private
251,0,Public
252,1,Private
253,2,Private
254,2,Private
255,0,Private
256,2,Private
257,1,Private
258,0,Public
259,2,Private
260,2,Private
261,0,Private
262,2,Private
263,0,Private
264,0,Public
265,2,Private
266,1,Private
267,1,Private
268,0,Public
269,2,Private
270,2,Private
271,0,Private
272,2,Private
273,2,Private
274,1,Private
275,2,Private
276,2,Private
277,0,Private
278,0,Private
279,2,Private
280,0,Private
281,1,Private
282,0,Public
283,0,Private
284,2,Private
285,1,Private
286,2,Private
287,0,Private
288,1,Private
289,2,Private
290,1,Public
291,2,Public
292,1,Private
293,1,Private
294,0,Private
295,2,Private
296,2,Public
297,2,Private
298,0,Public
299,0,Private
300,0,Private
301,0,Private
302,1,Private
303,1,Private
304,0,Private
305,0,Private
306,1,Private
307,0,Private
308,0,Private
309,1,Private
310,2,Private
311,0,Public
312,1,Private
313,1,Private
314,2,Private
315,2,Private
316,2,Private
317,0,Private
318,2,Private
319,2,Private
320,0,Private
321,2,Private
322,1,Public
323,1,Private
324,2,Private
325,2,Private
326,0,Private
327,2,Private
328,0,Private
329,0,Private
330,1,Private
331,2,Private
332,0,Private
333,2,Private
334,2,Public
335,0,Private
336,1,Private
337,0,Private
338,1,Public
339,0,Private
340,0,Private
341,2,Private
342,1,Private
343,2,Public
344,2,Private
345,2,Private
346,0,Public
347,2,Private
348,0,Private
349,1,Private
350,0,Private
351,2,Private
352,2,Private
353,0,Public
354,1,Private
355,2,Public
356,1,Private
357,2,Private
358,2,Private
359,0,Private
360,2,Private
361,1,Private
362,1,Private
363,0,Public
364,0,Private
365,0,Private
366,0,Private
367,1,Private
368,2,Private
369,0,Private
370,1,Private
371,0,Private
372,2,Private
373,0,Private
374,0,Private
375,1,Private
376,2,Private
377,0,Private
378,1,Private
379,1,Private
380,1,Private
381,0,Private
382,1,Public
383,1,Private
384,0,Private
385,2,Private
386,1,Private
387,0,Public
388,1,Private
389,0,Private
390,1,Private
391,2,Private
392,2,Private
393,2,Private
394,2,Public
395,0,Public
396,2,Private
397,2,Private
398,2,Private
399,1,Private
400,2,Public
401,1,Private
402,1,Public
403,0,Private
404,1,Private
405,0,Private
406,2,Private
407,2,Public
408,1,Private
409,2,Public
410,1,Private
411,2,Public
412,2,Private
413,2,Private
414,2,Private
415,0,Private
416,1,Private
417,1,Private
418,0,Private
419,1,Public
420,1,Public
421,1,Private
422,0,Private
423,1,Private
424,2,Private
425,0,Private
426,2,Public
427,2,Public
428,1,Public
429,1,Private
430,2,Private
431,1,Private
432,1,Private
433,1,Private
434,0,Private
435,2,Private
436,0,Private
437,2,Private
438,1,Private
439,2,Public
440,0,Private
441,2,Private
442,0,Private
443,1,Private
444,2,Private
445,0,Public
446,0,Private
447,2,Private
448,2,Private
449,1,Private
450,1,Private
451,0,Public
452,2,Public
453,1,Private
454,2,Private
455,2,Private
456,0,Private
457,0,Private
458,1,Private
459,1,Private
460,1,Private
461,1,Private
462,2,Private
463,2,Private
464,0,Private
465,1,Private
466,2,Private
467,2,Private
468,0,Private
469,0,Private
470,2,Private
471,2,Public
472,2,Private
473,2,Public
474,2,Public
475,1,Private
476,1,Private
477,1,Private
478,0,Private
479,1,Private
480,0,Private
481,2,Private
482,2,Private
483,0,Private
484,0,Private
485,0,Private
486,0,Private
487,1,Private
488,1,Private
489,2,Private
490,2,Private
491,0,Private
492,1,Public
493,0,Private
494,2,Public
495,0,Private
496,0,Private
497,0,Private
498,1,Private
499,0,Private
500,2,Private
501,1,Private
502,1,Private
503,0,Public
504,1,Public
505,2,Private
506,0,Private
507,0,Private
508,2,Public
509,2,Private
510,2,Private
511,0,Private
512,2,Private
513,2,Private
514,1,Public
515,1,Private
516,1,Private
517,1,Private
518,0,Public
519,2,Private
520,0,Private
521,0,Public
522,1,Private
523,0,Private
524,2,Private
525,1,Private
526,0,Private
527,2,Private
528,1,Private
529,2,Private
530,0,Private
531,2,Public
532,1,Private
533,2,Private
534,1,Private
535,2,Private
536,2,Private
537,1,Private
538,0,Private
539,0,Private
540,1,Public
541,2,Private
542,0,Private
543,2,Private
544,1,Private
545,1,Private
546,0,Private
547,1,Private
548,2,Private
549,1,Private
550,1,Public
551,0,Private
552,1,Private
553,0,Private
554,1,Private
555,0,Public
556,1,Private
557,0,Private
558,1,Private
559,2,Private
560,0,Private
561,0,Private
562,1,Private
563,2,Private
564,2,Public
565,0,Private
566,1,Private
567,1,Private
568,1,Private
569,0,Private
570,1,Public
571,2,Private
572,0,Public
573,1,Private
574,1,Public
575,0,Public
576,0,Private
577,1,Public
578,1,Private
579,0,Private
580,1,Public
581,2,Private
582,1,Private
583,0,Private
584,2,Public
585,0,Public
586,1,Private
587,0,Private
588,2,Private
589,1,Private
590,2,Private
591,1,Public
592,1,Private
593,1,Public
594,2,Private
595,1,Private
596,2,Private
597,1,Private
598,0,Private
599,1,Private
600,2,Private
601,0,Private
602,1,Public
603,0,Public
604,2,Private
605,0,Private
606,0,Private
607,2,Public
608,0,Private
609,2,Public
610,1,Private
611,0,Private
612,1,Private
613,2,Private
614,1,Public
615,1,Private
616,2,Private
617,2,Private
618,1,Public
619,0,Private
620,0,Private
621,2,Public
622,0,Private
623,0,Private
624,2,Public
625,0,Public
626,2,Private
627,0,Public
628,0,Private
629,1,Public
630,1,Private
631,0,Private
632,0,Private
633,1,Private
634,1,Private
635,1,Private
636,2,Private
637,0,Private
638,2,Private
639,0,Public
640,1,Public
641,1,Private
642,2,Public
643,0,Private
644,2,Public
645,2,Private
646,0,Public
647,2,Private
648,0,Private
649,2,Private
650,1,Private
651,1,Private
652,0,Private
653,0,Private
654,1,Private
655,2,Private
656,1,Private
657,1,Private
658,1,Public
659,2,Private
660,1,Private
661,1,Public
662,0,Private
663,1,Private
664,1,Private
665,0,Private
666,2,Private
667,1,Private
668,2,Private
669,1,Private
670,2,Private
671,1,Private
672,1,Private
673,0,Private
674,2,Private
675,2,Private
676,1,Private
677,1,Private
678,0,Private
679,2,Private
680,0,Private
681,1,Private
682,0,Private
683,0,Private
684,0,Private
685,0,Private
686,1,Private
687,1,Private
688,1,Private
689,2,Private
690,1,Private
691,1,Private
692,1,Public
693,1,Private
694,0,Private
695,2,Private
696,2,Private
697,1,Private
698,2,Private
699,0,Private
700,2,Private
701,0,Private
702,0,Private
703,0,Private
704,0,Private
705,1,Private
706,2,Private
707,1,Private
708,1,Private
709,2,Private
710,0,Private
711,1,Private
712,2,Private
713,1,Private
714,2,Private
715,2,Private
716,2,Private
717,0,Private
718,0,Public
719,2,Private
720,2,Private
721,0,Private
722,1,Private
723,1,Private
724,1,Private
725,0,Private
726,0,Private
727,2,Public
728,0,Public
729,2,Private
730,1,Private
731,1,Public
732,0,Private
733,1,Public
734,0,Private
735,0,Public
736,0,Private
737,0,Public
738,1,Public
739,0,Private
740,1,Private
741,1,Public
742,0,Private
743,2,Private
744,0,Private
745,0,Private
746,0,Private
747,1,Private
748,2,Private
749,0,Private
750,1,Private
751,2,Private
752,2,Private
753,0,Public
754,0,Private
755,2,Public
756,0,Private
757,2,Public
758,0,Private
759,2,Private
760,0,Public
761,2,Private
762,1,Private
763,0,Private
764,1,Private
765,0,Private
766,0,Private
767,1,Private
768,0,Private
769,2,Private
770,1,Private
771,0,Private
772,0,Private
773,2,Private
774,2,Private
775,2,Private
776,2,Private
777,2,Private
778,2,Private
779,1,Public
780,1,Private
781,0,Private
782,2,Private
783,0,Private
784,2,Private
785,0,Private
786,0,Private
787,2,Public
788,2,Public
789,0,Private
790,1,Private
791,0,Private
792,2,Public
793,0,Private
794,0,Private
795,0,Private
796,0,Private
797,0,Public
798,0,Private
799,2,Private
800,1,Private
801,1,Public
802,0,Private
803,1,Private
804,2,Private
805,2,Private
806,0,Public
807,1,Public
808,1,Private
809,0,Private
810,1,Public
811,1,Private
812,2,Private
813,1,Private
814,1,Public
815,0,Private
816,2,Private
817,1,Public
818,0,Private
819,0,Private
820,2,Public
821,2,Private
822,1,Private
823,2,Private
824,0,Private
825,2,Private
826,0,Private
827,1,Private
828,2,Private
829,2,Private
830,0,Private
831,2,Private
832,0,Private
833,0,Public
834,0,Private
835,0,Private
836,2,Public
837,0,Private
838,0,Public
839,0,Private
840,2,Private
841,1,Private
842,0,Public
843,0,Private
844,0,Private
845,2,Private
846,2,Private
847,2,Private
848,1,Private
849,1,Private
850,0,Private
851,1,Private
852,1,Private
853,0,Private
854,1,Private
855,1,Private
856,1,Public
857,0,Private
858,1,Public
859,0,Private
860,1,Private
861,1,Private
862,0,Private
863,2,Private
864,0,Private
865,1,Private
866,0,Private
867,0,Private
868,0,Private
869,2,Private
870,1,Public
871,2,Private
872,1,Private
873,0,Private
874,0,Private
875,2,Public
876,1,Private
877,2,Private
878,0,Private
879,2,Public
880,2,Private
881,1,Private
882,2,Private
883,1,Public
884,2,Private
885,2,Private
886,1,Private
887,1,Private
888,0,Public
889,1,Private
890,1,Private
891,0,Private
892,2,Private
893,2,Private
894,1,Private
895,0,Private
896,1,Private
897,0,Private
898,2,Private
899,1,Private
900,2,Private
901,2,Private
902,0,Public
903,2,Private
904,1,Private
905,1,Private
906,1,Private
907,2,Private
908,0,Private
909,0,Private
910,0,Private
911,2,Private
912,1,Private
913,2,Public
914,0,Private
915,2,Private
916,1,Private
917,1,Public
918,1,Public
919,1,Private
920,2,Private
921,0,Private
922,2,Public
923,0,Public
924,1,Private
925,2,Private
926,0,Private
927,1,Private
928,0,Private
929,2,Private
930,1,Private
931,2,Public
932,1,Private
933,0,Private
934,0,Public
935,2,Private
936,0,Private
937,1,Private
938,2,Private
939,1,Public
940,1,Private
941,2,Private
942,0,Private
943,2,Private
944,0,Public
945,1,Private
946,0,Private
947,0,Public
948,0,Private
949,0,Public
950,1,Private
951,1,Public
952,2,Private
953,2,Private
954,2,Public
955,2,Private
956,2,Private
957,0,Public
958,0,Private
959,1,Private
960,2,Private
961,2,Private
962,0,Private
963,1,Public
964,1,Public
965,0,Private
966,2,Private
967,2,Private
968,0,Private
969,0,Private
970,0,Private
971,1,Private
972,1,Private
973,2,Private
974,0,Private
975,0,Private
976,1,Private
977,2,Private
978,0,Private
979,0,Private
980,1,Private
981,1,Private
982,1,Public
983,2,Private
984,2,Private
985,0,Private
986,0,Private
987,0,Private
988,1,Private
989,1,Private
990,0,Private
991,2,Private
992,1,Public
993,2,Private
994,2,Public
995,0,Private
996,2,Private
997,1,Private
998,2,Public
999,1,Private
1000,2,Private
1001,1,Private
1002,0,Private
1003,1,Private
1004,0,Public
1005,2,Private
1006,1,Public
1007,1,Private
1008,0,Private
1009,1,Private
1010,2,Private
1011,0,Private
1012,1,Public
1013,1,Public
1014,1,Private
1015,1,Private
1016,1,Private
1017,1,Private
1018,2,Private
1019,0,Public
1020,0,Private
1021,2,Private
1022,1,Private
1023,2,Public
1024,2,Private
1025,2,Private
1026,0,Private
1027,0,Private
1028,2,Private
1029,0,Private
1030,2,Public
1031,1,Private
1032,0,Private
1033,0,Private
1034,2,Private
1035,0,Private
1036,1,Public
1037,1,Private
1038,0,Public
1039,1,Public
1040,1,Private
1041,1,Private
1042,1,Public
1043,2,Private
1044,1,Private
1045,2,Private
1046,1,Public
1047,0,Private
1048,0,Private
1049,2,Private
1050,2,Private
1051,0,Private
1052,0,Private
1053,0,Private
1054,2,Private
1055,2,Private
1056,2,Private
1057,1,Private
1058,1,Private
1059,2,Private
1060,1,Private
1061,2,Private
1062,1,Private
1063,2,Private
1064,0,Private
1065,2,Private
1066,0,Private
1067,1,Public
1068,2,Private
1069,1,Private
1070,2,Public
1071,2,Private
1072,0,Public
1073,0,Private
1074,2,Private
1075,2,Public
1076,2,Private
1077,1,Public
1078,1,Public
1079,0,Private
1080,2,Private
1081,1,Public
1082,0,Private
1083,1,Private
1084,0,Public
1085,0,Private
1086,0,Private
1087,2,Private
1088,1,Private
1089,1,Private
1090,0,Private
1091,0,Private
1092,1,Public
1093,0,Private
1094,1,Private
1095,0,Private
1096,2,Private
1097,2,Private
1098,1,Public
1099,2,Public
1100,2,Public
1101,2,Private
1102,1,Public
1103,0,Private
1104,1,Private
1105,1,Private
1106,0,Public
1107,1,Private
1108,1,Public
1109,2,Private
1110,0,Private
1111,1,Private
1112,2,Private
1113,0,Private
1114,2,Private
1115,2,Private
1116,2,Private
1117,2,Private
1118,0,Private
1119,0,Private
1120,1,Private
1121,1,Private
1122,2,Private
1123,1,Private
1124,2,Private
1125,0,Public
1126,2,Public
1127,0,Public
1128,1,Private
1129,2,Private
1130,1,Private
1131,0,Private
1132,2,Private
1133,2,Public
1134,2,Public
1135,1,Private
1136,2,Private
1137,2,Private
1138,2,Private
1139,1,Public
1140,0,Private
1141,0,Public
1142,2,Private
1143,2,Private
1144,1,Private
1145,0,Private
1146,0,Private
1147,2,Private
1148,0,Private
1149,0,Private
1150,1,Private
1151,1,Private
1152,1,Private
1153,1,Private
1154,2,Private
1155,1,Private
1156,2,Private
1157,0,Public
1158,2,Private
1159,2,Private
1160,0,Public
1161,2,Private
1162,1,Private
1163,2,Public
1164,2,Private
1165,0,Private
1166,1,Public
1167,0,Private
1168,2,Public
1169,1,Private
1170,2,Private
1171,1,Public
1172,1,Private
1173,0,Private
1174,0,Private
1175,0,Private
1176,2,Public
1177,1,Public
1178,0,Private
1179,2,Private
1180,0,Private
1181,1,Private
1182,0,Private
1183,0,Private
1184,1,Public
1185,2,Private
1186,0,Public
1187,0,Private
1188,0,Private
1189,2,Private
1190,0,Private
1191,1,Private
1192,1,Private
1193,0,Private
1194,0,Private
1195,0,Private
1196,0,Private
1197,1,Public
1198,1,Private
1199,0,Public
1200,1,Private
1201,2,Private
1202,1,Private
1203,2,Private
1204,2,Private
1205,0,Private
1206,2,Private
1207,2,Private
1208,1,Private
1209,1,Private
1210,0,Public
1211,1,Private
1212,2,Private
1213,2,Private
1214,2,Private
1215,0,Private
1216,1,Public
1217,0,Private
1218,2,Private
1219,1,Private
1220,0,Public
1221,0,Private
1222,1,Private
1223,0,Private
1224,0,Private
1225,2,Private
1226,0,Private
1227,0,Private
1228,1,Private
1229,1,Private
1230,2,Public
1231,1,Private
1232,0,Private
1233,2,Private
1234,2,Private
1235,0,Public
1236,0,Private
1237,1,Private
1238,1,Private
1239,1,Private
1240,0,Private
1241,0,Private
1242,0,Private
1243,1,Public
1244,1,Private
1245,1,Private
1246,2,Private
1247,2,Private
1248,2,Private
1249,1,Private
1250,0,Public
1251,2,Private
1252,2,Public
1253,1,Private
1254,1,Public
1255,1,Private
1256,2,Private
1257,2,Private
1258,0,Private
1259,0,Private
1260,2,Private
1261,2,Public
1262,1,Private
1263,2,Private
1264,0,Private
1265,1,Private
1266,0,Private
1267,1,Private
1268,0,Private
1269,2,Private
1270,0,Public
1271,0,Public
1272,0,Private
1273,1,Private
1274,1,Public
1275,1,Private
1276,2,Private
1277,1,Private
1278,2,Private
1279,0,Private
1280,2,Private
1281,0,Private
1282,1,Private
1283,0,Private
1284,1,Private
1285,2,Private
1286,0,Private
1287,0,Private
1288,1,Public
1289,2,Private
1290,0,Private
1291,2,Private
1292,2,Public
1293,1,Private
1294,2,Private
1295,2,Private
1296,2,Private
1297,0,Private
1298,2,Private
1299,0,Private
1300,0,Public
1301,0,Private
1302,2,Private
1303,2,Private
1304,0,Public
1305,1,Public
1306,2,Private
1307,0,Private
1308,1,Private
1309,1,Public
1310,2,Public
1311,2,Private
1312,2,Private
1313,1,Private
1314,0,Private
1315,2,Private
1316,1,Public
1317,1,Private
1318,0,Private
1319,1,Public
1320,1,Private
1321,0,Public
1322,2,Private
1323,0,Private
1324,2,Public
1325,1,Private
1326,2,Private
1327,0,Private
1328,0,Private
1329,2,Private
1330,2,Private
1331,2,Private
1332,0,Private
1333,0,Private
1334,2,Private
1335,0,Public
1336,0,Private
1337,2,Private
1338,0,Private
1339,0,Public
1340,2,Private
1341,1,Private
1342,1,Private
1343,1,Public
1344,0,Public
1345,0,Private
1346,2,Private
1347,2,Public
1348,1,Private
1349,2,Public
1350,2,Private
1351,0,Private
1352,2,Private
1353,1,Public
1354,2,Public
1355,2,Public
1356,2,Private
1357,2,Private
1358,1,Private
1359,2,Private
1360,1,Private
1361,0,Private
1362,1,Private
1363,0,Private
1364,2,Private
1365,0,Private
1366,1,Private
1367,0,Private
1368,2,Private
1369,1,Private
1370,0,Private
1371,2,Private
1372,2,Private
1373,1,Public
1374,0,Private
1375,0,Private
1376,1,Private
1377,1,Private
1378,2,Private
1379,2,Private
1380,0,Private
1381,1,Public
1382,1,Private
1383,1,Private
1384,0,Private
1385,1,Private
1386,2,Private
1387,1,Public
1388,1,Public
1389,0,Public
1390,2,Private
1391,0,Private
1392,0,Private
1393,2,Private
1394,0,Private
1395,0,Public
1396,0,Private
1397,1,Public
1398,2,Private
1399,0,Public
1400,0,Private
1401,0,Private
1402,1,Private
1403,0,Private
1404,0,Private
1405,0,Public
1406,1,Private
1407,0,Private
1408,2,Private
1409,0,Private
1410,2,Private
1411,2,Private
1412,1,Private
1413,0,Private
1414,1,Private
1415,2,Private
1416,0,Private
1417,1,Private
1418,0,Private
1419,1,Private
1420,2,Private
1421,2,Private
1422,1,Private
1423,2,Private
1424,2,Private
1425,0,Public
1426,1,Private
1427,1,Private
1428,2,Public
1429,2,Private
1430,1,Private
1431,1,Public
1432,1,Private
1433,2,Public
1434,1,Private
1435,1,Private
1436,0,Private
1437,1,Private
1438,2,Private
1439,0,Private
1440,0,Public
1441,0,Private
1442,0,Private
1443,1,Private
1444,0,Private
1445,0,Private
1446,0,Private
1447,0,Private
1448,1,Private
1449,2,Private
1450,2,Public
1451,1,Private
1452,1,Private
1453,1,Public
1454,1,Private
1455,0,Private
1456,0,Public
1457,1,Private
1458,1,Private
1459,1,Private
1460,2,Private
1461,1,Private
1462,0,Private
1463,1,Private
1464,1,Public
1465,2,Private
1466,0,Private
1467,1,Private
1468,2,Private
1469,1,Private
1470,0,Public
1471,2,Private
1472,2,Private
1473,0,Private
1474,2,Private
1475,0,Private
1476,0,Public
1477,1,Private
1478,2,Private
1479,1,Private
1480,0,Private
1481,1,Private
1482,2,Private
1483,0,Private
1484,1,Private
1485,1,Private
1486,2,Private
1487,1,Private
1488,0,Public
1489,2,Private
1490,0,Public
1491,2,Private
1492,2,Private
1493,1,Public
1494,2,Public
1495,1,Public
1496,1,Public
1497,1,Private
1498,1,Private
1499,1,Private
1500,1,Private
1501,1,Public
1502,1,Private
1503,0,Public
1504,2,Private
1505,0,Private
1506,0,Private
1507,0,Private
1508,1,Public
1509,0,Private
1510,2,Private
1511,0,Private
1512,1,Private
1513,0,Private
1514,0,Private
1515,1,Private
1516,1,Private
1517,0,Public
1518,2,Public
1519,1,Private
1520,1,Private
1521,2,Private
1522,0,Private
1523,2,Private
1524,2,Private
1525,2,Private
1526,1,Private
1527,2,Public
1528,2,Private
1529,0,Private
1530,2,Public
1531,1,Public
1532,0,Private
1533,2,Private
1534,1,Public
1535,1,Private
1536,2,Private
1537,0,Public
1538,1,Private
1539,0,Private
1540,1,Public
1541,2,Private
1542,0,Private
1543,1,Private
1544,2,Private
1545,2,Public
1546,0,Public
1547,0,Public
1548,2,Private
1549,1,Public
1550,0,Private
1551,1,Private
1552,1,Private
1553,0,Private
1554,1,Private
1555,2,Private
1556,1,Private
1557,0,Private
1558,0,Private
1559,0,Private
1560,2,Private
1561,2,Private
1562,2,Private
1563,1,Private
1564,2,Private
1565,2,Public
1566,1,Private
1567,1,Private
1568,2,Public
1569,1,Private
1570,2,Private
1571,1,Private
1572,2,Private
1573,0,Private
1574,1,Public
1575,2,Private
1576,1,Private
1577,2,Private
1578,1,Private
1579,2,Private
1580,1,Private
1581,0,Private
1582,2,Private
1583,2,Private
1584,0,Private
1585,0,Private
1586,0,Public
1587,1,Private
1588,0,Private
1589,1,Private
1590,2,Private
1591,2,Public
1592,1,Private
1593,0,Private
1594,1,Private
1595,2,Private
1596,1,Private
1597,1,Private
1598,1,Public
1599,2,Private
1600,0,Public
1601,1,Private
1602,0,Private
1603,0,Private
1604,2,Public
1605,2,Private
1606,1,Private
1607,1,Private
1608,1,Private
1609,2,Private
1610,2,Private
1611,1,Private
1612,2,Public
1613,0,Private
1614,2,Private
1615,1,Private
1616,1,Public
1617,1,Private
1618,1,Private
1619,0,Private
1620,0,Private
1621,0,Private
1622,2,Public
1623,1,Public
1624,1,Private
1625,2,Private
1626,1,Private
1627,1,Private
1628,2,Private
1629,0,Private
1630,0,Private
1631,1,Private
1632,0,Private
1633,0,Private
1634,1,Private
1635,2,Private
1636,0,Private
1637,2,Public
1638,0,Private
1639,0,Private
1640,2,Public
1641,1,Private
1642,2,Public
1643,2,Private
1644,0,Private
1645,2,Private
1646,2,Private
1647,2,Private
1648,0,Private
1649,0,Private
1650,1,Private
1651,2,Private
1652,1,Private
1653,0,Public
1654,2,Public
1655,2,Private
1656,2,Private
1657,2,Private
1658,0,Private
1659,0,Private
1660,0,Private
1661,1,Private
1662,2,Private
1663,1,Private
1664,2,Private
1665,1,Private
1666,2,Private
1667,0,Private
1668,0,Private
1669,0,Private
1670,1,Private
1671,0,Private
1672,0,Private
1673,1,Private
1674,2,Private
1675,2,Private
1676,2,Private
1677,2,Public
1678,0,Private
1679,1,Private
1680,2,Private
1681,0,Private
1682,1,Private
1683,2,Private
1684,1,Private
1685,1,Private
1686,0,Public
1687,2,Private
1688,0,Public
1689,0,Public
1690,2,Private
1691,1,Private
1692,2,Private
1693,2,Private
1694,2,Public
1695,1,Private
1696,0,Private
1697,2,Private
1698,0,Private
1699,1,Private
1700,2,Public
1701,2,Public
1702,1,Private
1703,2,Private
1704,0,Private
1705,0,Private
1706,1,Private
1707,0,Private
1708,1,Private
1709,1,Private
1710,2,Private
1711,1,Private
1712,2,Private
1713,0,Private
1714,1,Private
1715,0,Private
1716,1,Private
1717,0,Private
1718,0,Private
1719,2,Private
1720,2,Private
1721,2,Private
1722,1,Private
1723,2,Private
1724,2,Public
1725,0,Public
1726,0,Private
1727,1,Private
1728,2,Private
1729,1,Private
1730,0,Private
1731,2,Private
1732,1,Private
1733,1,Private
1734,1,Private
1735,1,Private
1736,2,Public
1737,2,Private
1738,2,Public
1739,1,Private
1740,1,Private
1741,0,Private
1742,0,Private
1743,0,Private
1744,0,Private
1745,2,Private
1746,2,Public
1747,0,Private
1748,2,Private
1749,0,Private
1750,2,Public
1751,0,Public
1752,0,Private
1753,1,Private
1754,2,Public
1755,0,Private
1756,0,Private
1757,1,Private
1758,2,Private
1759,2,Private
1760,0,Private
1761,0,Private
1762,0,Public
1763,0,Private
1764,0,Public
1765,2,Private
1766,1,Private
1767,0,Private
1768,1,Private
1769,0,Public
1770,1,Private
1771,0,Public
1772,0,Private
1773,0,Private
1774,1,Private
1775,0,Private
1776,2,Private
1777,2,Private
1778,1,Private
1779,0,Public
1780,1,Private
1781,2,Private
1782,0,Public
1783,1,Private
1784,2,Private
1785,2,Private
1786,1,Private
1787,1,Private
1788,0,Private
1789,1,Public
1790,0,Private
1791,2,Private
1792,2,Private
1793,0,Private
1794,1,Public
1795,0,Public
1796,1,Public
1797,1,Private
1798,2,Private
1799,1,Private
1800,0,Private
1801,0,Public
1802,0,Private
1803,2,Private
1804,1,Private
1805,0,Private
1806,1,Private
1807,2,Private
1808,0,Private
1809,0,Private
1810,0,Private
1811,1,Private
1812,0,Private
1813,0,Private
1814,2,Private
1815,1,Public
1816,2,Private
1817,1,Private
1818,2,Public
1819,1,Private
1820,2,Public
1821,0,Private
1822,0,Private
1823,1,Private
1824,1,Private
1825,2,Private
1826,0,Private
1827,2,Public
1828,2,Private
1829,1,Public
1830,2,Private
1831,2,Public
1832,0,Private
1833,2,Private
1834,0,Public
1835,2,Private
1836,1,Private
1837,2,Private
1838,2,Private
1839,1,Private
1840,0,Private
1841,1,Private
1842,0,Public
1843,0,Private
1844,0,Private
1845,0,Private
1846,0,Private
1847,1,Private
1848,1,Private
1849,2,Private
1850,2,Private
1851,2,Private
1852,1,Private
1853,1,Private
1854,0,Private
1855,2,Private
1856,0,Public
1857,1,Private
1858,0,Private
1859,1,Private
1860,2,Private
1861,2,Private
1862,0,Private
1863,1,Private
1864,2,Private
1865,2,Public
1866,2,Private
1867,0,Private
1868,1,Public
1869,0,Public
1870,2,Private
1871,1,Private
1872,2,Public
1873,2,Private
1874,2,Private
1875,0,Private
1876,1,Private
1877,0,Private
1878,1,Private
1879,0,Private
1880,2,Private
1881,0,Private
1882,0,Private
1883,1,Public
1884,2,Private
1885,0,Private
1886,2,Private
1887,0,Private
1888,2,Public
1889,0,Private
1890,2,Private
1891,0,Private
1892,0,Private
1893,0,Public
1894,1,Private
1895,2,Private
1896,1,Private
1897,2,Private
1898,0,Private
1899,0,Private
1900,0,Private
1901,2,Public
1902,1,Public
1903,0,Private
1904,0,Private
1905,1,Private
1906,0,Private
1907,2,Private
1908,0,Private
1909,1,Private
1910,2,Private
1911,0,Private
1912,2,Private
1913,1,Private
1914,2,Private
1915,2,Private
1916,1,Private
1917,1,Private
1918,2,Public
1919,2,Private
1920,1,Private
1921,1,Private
1922,2,Private
1923,1,Public
1924,1,Private
1925,0,Private
1926,0,Private
1927,2,Private
1928,2,Private
1929,2,Private
1930,0,Private
1931,0,Private
1932,2,Private
1933,2,Private
1934,2,Private
1935,0,Private
1936,1,Public
1937,0,Public
1938,1,Private
1939,0,Public
1940,0,Public
1941,2,Private
1942,2,Private
1943,1,Private
1944,0,Private
1945,2,Public
1946,2,Public
1947,2,Private
1948,2,Public
1949,1,Private
1950,2,Private
1951,0,Private
1952,0,Private
1953,0,Private
1954,1,Private
1955,2,Private
1956,1,Public
1957,1,Private
1958,1,Private
1959,0,Private
1960,2,Private
1961,2,Private
1962,2,Public
1963,0,Private
1964,2,Private
1965,0,Private
1966,0,Private
1967,1,Private
1968,0,Public
1969,1,Private
1970,0,Private
1971,2,Private
1972,2,Public
1973,2,Public
1974,0,Private
1975,1,Private
1976,2,Public
1977,2,Private
1978,2,Private
1979,1,Public
1980,0,Private
1981,2,Private
1982,2,Private
1983,1,Public
1984,1,Private
1985,0,Public
1986,1,Private
1987,2,Private
1988,1,Public
1989,1,Private
1990,2,Private
1991,1,Private
1992,1,Private
1993,0,Private
1994,1,Private
1995,1,Private
1996,1,Private
1997,1,Private
1998,1,Public
1999,1,Private
2000,0,Private
2001,1,Private
2002,2,Public
2003,0,Private
2004,1,Private
2005,2,Private
2006,2,Private
2007,0,Public
2008,1,Private
2009,2,Private
2010,2,Private
2011,0,Private
2012,2,Private
2013,1,Private
2014,0,Private
2015,1,Private
2016,0,Private
2017,2,Public
2018,1,Private
2019,2,Private
2020,1,Private
2021,0,Private
2022,2,Private
2023,0,Private
2024,0,Private
2025,2,Private
2026,1,Public
2027,1,Private
2028,0,Private
2029,2,Private
2030,0,Private
2031,2,Private
2032,0,Private
2033,0,Private
2034,1,Public
2035,2,Private
2036,1,Private
2037,2,Private
2038,1,Private
2039,0,Private
2040,1,Private
2041,1,Private
2042,0,Private
2043,2,Private
2044,1,Private
2045,2,Private
2046,1,Private
2047,0,Public
2048,1,Private
2049,2,Private
2050,0,Private
2051,2,Private
2052,2,Private
2053,1,Private
2054,1,Private
2055,0,Private
2056,2,Private
2057,0,Private
2058,2,Public
2059,0,Public
2060,0,Private
2061,2,Private
2062,1,Private
2063,2,Public
2064,1,Private
2065,2,Public
2066,0,Public
2067,2,Public
2068,0,Private
2069,0,Private
2070,2,Private
2071,2,Public
2072,1,Public
2073,1,Public
2074,1,Private
2075,0,Private
2076,2,Private
2077,0,Private
2078,0,Public
2079,2,Private
2080,1,Private
2081,1,Private
2082,2,Private
2083,2,Private
2084,2,Public
2085,0,Public
2086,0,Private
2087,2,Public
2088,1,Private
2089,1,Private
2090,0,Public
2091,1,Private
2092,2,Private
2093,0,Private
2094,2,Public
2095,2,Private
2096,1,Public
2097,0,Private
2098,0,Private
2099,0,Private
2100,1,Private
2101,1,Private
2102,1,Private
2103,0,Private
2104,0,Private
2105,1,Private
2106,2,Private
2107,0,Public
2108,0,Private
2109,0,Private
2110,2,Private
2111,1,Private
2112,0,Public
2113,2,Private
2114,0,Public
2115,1,Private
2116,2,Private
2117,2,Private
2118,0,Public
2119,1,Private
2120,1,Private
2121,2,Public
2122,2,Public
2123,0,Private
2124,0,Private
2125,0,Private
2126,1,Private
2127,1,Private
2128,0,Private
2129,0,Public
2130,2,Private
2131,0,Private
2132,2,Private
2133,0,Private
2134,1,Public
2135,0,Public
2136,1,Private
2137,0,Private
2138,1,Private
2139,2,Private
2140,1,Private
2141,1,Private
2142,0,Private
2143,2,Private
2144,1,Private
2145,2,Private
2146,2,Private
2147,1,Private
2148,2,Public
2149,1,Private
2150,2,Public
2151,1,Private
2152,0,Private
2153,1,Public
2154,1,Private
2155,0,Private
2156,1,Private
2157,2,Private
2158,0,Public
2159,2,Private
2160,0,Private
2161,1,Private
2162,2,Private
2163,2,Private
2164,1,Private
2165,2,Private
2166,1,Private
2167,1,Private
2168,1,Private
2169,2,Private
2170,1,Private
2171,1,Public
2172,2,Private
2173,2,Public
2174,2,Private
2175,0,Private
2176,0,Private
2177,2,Private
2178,1,Private
2179,1,Private
2180,2,Private
2181,0,Private
2182,1,Private
2183,1,Private
2184,2,Private
2185,1,Private
2186,2,Public
2187,0,Private
2188,1,Public
2189,1,Private
2190,2,Private
2191,1,Public
2192,0,Private
2193,0,Private
2194,0,Private
2195,1,Private
2196,2,Private
2197,2,Private
2198,1,Private
2199,1,Private
2200,2,Private
2201,2,Private
2202,2,Private
2203,0,Public
2204,1,Private
2205,1,Private
2206,1,Public
2207,2,Public
2208,2,Private
2209,2,Private
2210,1,Private
2211,2,Private
2212,0,Public
2213,1,Public
2214,1,Public
2215,2,Private
2216,0,Private
2217,2,Private
2218,1,Private
2219,1,Private
2220,1,Private
2221,1,Private
2222,1,Private
2223,1,Private
2224,1,Public
2225,0,Public
2226,0,Private
2227,2,Private
2228,2,Private
2229,1,Public
2230,0,Private
2231,0,Private
2232,0,Private
2233,1,Private
2234,2,Private
2235,0,Public
2236,0,Private
2237,0,Private
2238,0,Public
2239,2,Private
2240,0,Private
2241,2,Private
2242,0,Private
2243,1,Private
2244,2,Public
2245,1,Public
2246,2,Public
2247,0,Private
2248,2,Private
2249,1,Public
2250,2,Private
2251,2,Private
2252,2,Private
2253,0,Private
2254,2,Private
2255,1,Private
2256,2,Public
2257,2,Private
2258,2,Public
2259,0,Private
2260,2,Private
2261,2,Private
2262,1,Private
2263,1,Private
2264,0,Public
2265,2,Private
2266,1,Private
2267,1,Private
2268,0,Private
2269,1,Private
2270,1,Private
2271,2,Public
2272,2,Public
2273,2,Private
2274,0,Private
2275,2,Private
2276,0,Public
2277,0,Private
2278,2,Private
2279,0,Private
2280,1,Private
2281,1,Public
2282,0,Public
2283,1,Public
2284,1,Private
2285,2,Public
2286,1,Private
2287,2,Private
2288,2,Private
2289,2,Private
2290,0,Public
2291,1,Private
2292,1,Private
2293,1,Private
2294,2,Private
2295,1,Public
2296,1,Private
2297,0,Private
2298,0,Private
2299,1,Private
2300,2,Public
2301,2,Private
2302,0,Private
2303,2,Public
2304,0,Private
2305,1,Public
2306,1,Private
2307,1,Private
2308,2,Private
2309,1,Public
2310,1,Private
2311,0,Private
2312,2,Private
2313,0,Private
2314,1,Private
2315,0,Private
2316,0,Private
2317,0,Private
2318,2,Public
2319,1,Private
2320,2,Public
2321,0,Private
2322,0,Public
2323,1,Private
2324,1,Private
2325,2,Public
2326,1,Private
2327,0,Private
2328,1,Private
2329,0,Private
2330,2,Private
2331,2,Private
2332,0,Private
2333,0,Public
2334,0,Private
2335,0,Public
2336,0,Private
2337,1,Private
2338,0,Private
2339,1,Private
2340,0,Public
2341,0,Private
2342,1,Private
2343,0,Private
2344,2,Private
2345,1,Public
2346,1,Public
2347,2,Private
2348,0,Private
2349,0,Private
2350,1,Private
2351,1,Private
2352,1,Private
2353,1,Private
2354,2,Private
2355,0,Public
2356,1,Public
2357,1,Private
2358,2,Public
2359,2,Public
2360,0,Private
2361,0,Private
2362,2,Private
2363,1,Public
2364,0,Private
2365,2,Private
2366,2,Private
2367,2,Private
2368,2,Private
2369,2,Private
2370,1,Private
2371,2,Private
2372,2,Private
2373,1,Private
2374,2,Private
2375,2,Private
2376,2,Private
2377,0,Private
2378,0,Public
2379,0,Private
2380,1,Private
2381,0,Private
2382,1,Private
2383,1,Private
2384,1,Private
2385,2,Private
2386,1,Private
2387,0,Private
2388,1,Public
2389,2,Private
2390,2,Private
2391,2,Public
2392,2,Private
2393,2,Private
2394,1,Private
2395,2,Private
2396,1,Private
2397,0,Private
2398,0,Private
2399,2,Public
2400,2,Private
2401,2,Private
2402,2,Private
2403,2,Private
2404,0,Public
2405,2,Public
2406,2,Public
2407,1,Private
2408,2,Public
2409,0,Private
2410,0,Private
2411,2,Private
2412,0,Public
2413,1,Private
2414,2,Public
2415,0,Public
2416,2,Public
2417,1,Private
2418,2,Private
2419,2,Public
2420,1,Private
2421,0,Public
2422,0,Public
2423,2,Private
2424,2,Private
2425,0,Private
2426,0,Private
2427,2,Private
2428,1,Private
2429,1,Private
2430,0,Public
2431,2,Private
2432,2,Private
2433,2,Private
2434,1,Public
2435,1,Private
2436,1,Private
2437,2,Private
2438,1,Private
2439,2,Private
2440,2,Private
2441,0,Private
2442,1,Private
2443,1,Private
2444,1,Private
2445,0,Private
2446,0,Public
2447,1,Public
2448,1,Private
2449,2,Private
2450,2,Private
2451,0,Private
2452,0,Private
2453,2,Private
2454,1,Private
2455,2,Private
2456,2,Private
2457,1,Private
2458,0,Private
2459,2,Private
2460,0,Private
2461,1,Private
2462,0,Private
2463,2,Private
2464,0,Private
2465,2,Private
2466,0,Public
2467,1,Private
2468,0,Private
2469,0,Private
2470,2,Private
2471,2,Private
2472,1,Public
2473,2,Public
2474,0,Private
2475,2,Private
2476,1,Public
2477,1,Public
2478,2,Private
2479,2,Private
2480,0,Private
2481,1,Private
2482,0,Private
2483,0,Private
2484,2,Private
2485,1,Private
2486,1,Public
2487,2,Private
2488,1,Private
2489,1,Private
2490,1,Private
2491,1,Private
2492,0,Private
2493,1,Private
2494,0,Private
2495,2,Private
2496,0,Private
2497,1,Private
2498,1,Public
2499,2,Public
2500,1,Private
2501,1,Public
2502,2,Private
2503,2,Public
2504,0,Private
2505,0,Private
2506,2,Private
2507,1,Public
2508,1,Private
2509,2,Private
2510,2,Private
2511,1,Private
2512,0,Public
2513,1,Public
2514,1,Private
2515,2,Private
2516,2,Private
2517,2,Private
2518,2,Public
2519,2,Public
2520,2,Public
2521,0,Private
2522,2,Private
2523,1,Private
2524,1,Public
2525,2,Private
2526,0,Private
2527,0,Private
2528,2,Public
2529,0,Private
2530,0,Private
2531,0,Private
2532,0,Private
2533,1,Public
2534,0,Private
2535,1,Private
2536,0,Private
2537,0,Private
2538,2,Private
2539,0,Private
2540,2,Private
2541,2,Private
2542,1,Private
2543,0,Private
2544,1,Private
2545,1,Private
2546,1,Private
2547,0,Private
2548,2,Private
2549,1,Private
2550,1,Private
2551,2,Private
2552,0,Public
2553,0,Private
2554,2,Private
2555,1,Private
2556,0,Private
2557,2,Private
2558,0,Private
2559,0,Private
2560,0,Private
2561,1,Private
2562,2,Public
2563,1,Public
2564,1,Private
2565,1,Private
2566,2,Public
2567,1,Private
2568,2,Public
2569,1,Private
2570,1,Private
2571,1,Private
2572,1,Private
2573,2,Private
2574,0,Private
2575,1,Private
2576,1,Private
2577,2,Private
2578,0,Private
2579,0,Private
2580,1,Private
2581,0,Private
2582,1,Private
2583,1,Private
2584,1,Private
2585,2,Private
2586,1,Private
2587,0,Private
2588,2,Private
2589,2,Private
2590,0,Public
2591,1,Private
2592,1,Private
2593,1,Public
2594,1,Private
2595,2,Private
2596,0,Private
2597,2,Private
2598,0,Private
2599,0,Private
2600,2,Private
2601,1,Private
2602,0,Private
2603,0,Private
2604,0,Private
2605,0,Private
2606,1,Private
2607,1,Private
2608,0,Private
2609,2,Private
2610,1,Private
2611,2,Private
2612,2,Private
2613,1,Private
2614,1,Private
2615,0,Private
2616,2,Private
2617,1,Public
2618,2,Private
2619,2,Private
2620,2,Private
2621,2,Public
2622,2,Private
2623,2,Private
2624,2,Private
2625,2,Private
2626,2,Private
2627,0,Private
2628,2,Private
2629,0,Private
2630,1,Private
2631,2,Public
2632,0,Private
2633,0,Private
2634,2,Private
2635,1,Private
2636,0,Public
2637,2,Public
2638,1,Private
2639,0,Private
2640,2,Private
2641,2,Private
2642,1,Private
2643,0,Private
2644,0,Public
2645,2,Private
2646,1,Private
2647,2,Private
2648,2,Private
2649,1,Private
2650,1,Public
2651,1,Private
2652,1,Private
2653,1,Private
2654,1,Private
2655,0,Private
2656,1,Private
2657,2,Public
2658,2,Public
2659,2,Private
2660,1,Private
2661,2,Private
2662,0,Private
2663,0,Private
2664,0,Public
2665,2,Private
2666,1,Public
2667,2,Public
2668,0,Private
2669,2,Private
2670,2,Private
2671,0,Private
2672,1,Private
2673,1,Private
2674,0,Private
2675,2,Private
2676,0,Public
2677,2,Public
2678,0,Private
2679,2,Private
2680,1,Public
2681,1,Private
2682,1,Public
2683,1,Private
2684,2,Private
2685,2,Private
2686,0,Private
2687,2,Private
2688,1,Private
2689,2,Private
2690,2,Private
2691,2,Private
2692,2,Public
2693,1,Private
2694,2,Private
2695,0,Private
2696,0,Private
2697,0,Private
2698,2,Private
2699,0,Private
2700,1,Private
2701,1,Private
2702,1,Private
2703,1,Private
2704,2,Public
2705,1,Private
2706,1,Public
2707,2,Private
2708,1,Private
2709,1,Private
2710,0,Private
2711,2,Private
2712,1,Private
2713,0,Private
2714,0,Private
2715,0,Private
2716,0,Private
2717,2,Private
2718,1,Private
2719,1,Public
2720,0,Private
2721,0,Private
2722,2,Private
2723,1,Public
2724,1,Private
2725,1,Public
2726,0,Public
2727,0,Private
2728,0,Private
2729,1,Public
2730,0,Private
2731,2,Private
2732,1,Private
2733,1,Private
2734,0,Private
2735,2,Private
2736,0,Private
2737,2,Private
2738,1,Private
2739,2,Public
2740,1,Private
2741,2,Private
2742,1,Private
2743,0,Private
2744,2,Private
2745,1,Private
2746,2,Private
2747,2,Private
2748,1,Private
2749,1,Public
2750,1,Public
2751,1,Private
2752,2,Private
2753,0,Public
2754,1,Private
2755,2,Private
2756,0,Private
2757,0,Private
2758,0,Public
2759,2,Private
2760,0,Public
2761,0,Private
2762,2,Private
2763,1,Private
2764,2,Private
2765,1,Private
2766,2,Private
2767,0,Private
2768,0,Private
2769,1,Private
2770,2,Private
2771,1,Private
2772,0,Private
2773,2,Public
2774,2,Private
2775,0,Private
2776,0,Public
2777,2,Private
2778,1,Private
2779,1,Private
2780,0,Private
2781,2,Private
2782,2,Private
2783,0,Private
2784,1,Private
2785,2,Private
2786,1,Public
2787,2,Private
2788,1,Private
2789,1,Private
2790,2,Public
2791,2,Public
2792,0,Private
2793,1,Private
2794,1,Public
2795,1,Private
2796,2,Private
2797,1,Private
2798,1,Private
2799,2,Private
2800,1,Public
2801,0,Private
2802,1,Private
2803,0,Public
2804,0,Private
2805,1,Private
2806,0,Private
2807,1,Private
2808,1,Private
2809,1,Private
2810,1,Public
2811,1,Private
2812,2,Private
2813,2,Public
2814,0,Private
2815,0,Private
2816,2,Private
2817,2,Public
2818,0,Public
2819,0,Private
2820,1,Private
2821,1,Private
2822,2,Private
2823,2,Public
2824,0,Private
2825,0,Private
2826,1,Private
2827,1,Private
2828,1,Private
2829,1,Public
2830,0,Private
2831,0,Private
2832,2,Private
2833,2,Private
2834,1,Public
2835,2,Private
2836,1,Public
2837,0,Public
2838,1,Private
2839,2,Public
2840,1,Private
2841,2,Private
2842,1,Public
2843,0,Public
2844,1,Private
2845,2,Private
2846,2,Private
2847,0,Private
2848,1,Private
2849,2,Private
2850,0,Public
2851,2,Private
2852,1,Private
2853,2,Private
2854,2,Private
2855,1,Private
2856,2,Private
2857,0,Private
2858,1,Private
2859,2,Private
2860,2,Private
2861,1,Private
2862,2,Private
2863,1,Private
2864,2,Private
2865,2,Private
2866,0,Private
2867,0,Private
2868,1,Public
2869,2,Private
2870,1,Private
2871,1,Private
2872,1,Public
2873,2,Private
2874,0,Private
2875,0,Public
2876,0,Public
2877,0,Private
2878,0,Private
2879,2,Private
2880,1,Private
2881,2,Private
2882,0,Private
2883,0,Private
2884,1,Private
2885,1,Private
2886,1,Public
2887,2,Private
2888,1,Private
2889,1,Private
2890,0,Private
2891,0,Private
2892,2,Public
2893,1,Private
2894,2,Public
2895,1,Public
2896,2,Private
2897,0,Public
2898,2,Private
2899,2,Private
2900,0,Public
2901,2,Private
2902,1,Public
2903,0,Private
2904,2,Private
2905,1,Private
2906,0,Private
2907,2,Private
2908,1,Public
2909,1,Private
2910,0,Private
2911,1,Private
2912,1,Public
2913,2,Private
2914,1,Private
2915,2,Private
2916,0,Private
2917,1,Private
2918,2,Private
2919,0,Private
2920,1,Private
2921,0,Private
2922,1,Private
2923,1,Public
2924,1,Private
2925,1,Public
2926,2,Private
2927,0,Private
2928,2,Public
2929,2,Private
2930,1,Private
2931,1,Private
2932,2,Private
2933,1,Private
2934,1,Private
2935,0,Private
2936,2,Private
2937,0,Private
2938,2,Private
2939,1,Private
2940,2,Private
2941,0,Private
2942,2,Public
2943,1,Private
2944,2,Public
2945,2,Private
2946,0,Private
2947,0,Private
2948,1,Private
2949,2,Private
2950,1,Private
2951,0,Private
2952,1,Private
2953,0,Private
2954,1,Private
2955,1,Private
2956,1,Private
2957,2,Private
2958,0,Private
2959,0,Private
2960,2,Public
2961,0,Public
2962,2,Private
2963,1,Private
2964,0,Private
2965,1,Private
2966,0,Private
2967,1,Private
2968,2,Private
2969,2,Private
2970,0,Private
2971,0,Private
2972,2,Private
2973,0,Private
2974,1,Private
2975,0,Public
2976,2,Public
2977,1,Public
2978,1,Private
2979,1,Private
2980,2,Private
2981,2,Private
2982,1,Private
2983,2,Private
2984,0,Public
2985,0,Private
2986,0,Private
2987,1,Private
2988,1,Private
2989,2,Public
2990,1,Public
2991,1,Private
2992,2,Private
2993,1,Private
2994,2,Private
2995,0,Private
2996,2,Public
2997,0,Private
2998,0,Private
2999,0,Private
3000,0,Private
3001,0,Private
3002,2,Private
3003,2,Private
3004,2,Private
3005,0,Private
3006,2,Private
3007,0,Private
3008,2,Private
3009,0,Private
3010,1,Private
3011,0,Private
3012,1,Private
3013,2,Private
3014,0,Private
3015,2,Public
3016,2,Private
3017,0,Public
3018,1,Private
3019,1,Private
3020,0,Public
3021,2,Private
3022,1,Private
3023,2,Private
3024,2,Private
3025,1,Private
3026,0,Private
3027,2,Public
3028,1,Private
3029,2,Private
3030,1,Private
3031,2,Private
3032,2,Private
3033,0,Private
3034,0,Private
3035,1,Private
3036,1,Private
3037,2,Private
3038,2,Private
3039,1,Public
3040,1,Private
3041,0,Private
3042,2,Private
3043,1,Private
3044,1,Private
3045,1,Private
3046,0,Private
3047,1,Private
3048,1,Private
3049,0,Private
3050,0,Private
3051,1,Public
3052,1,Private
3053,1,Private
3054,1,Public
3055,1,Public
3056,0,Public
3057,2,Private
3058,0,Private
3059,0,Public
3060,1,Private
3061,1,Private
3062,2,Public
3063,1,Private
3064,2,Public
3065,1,Private
3066,2,Public
3067,1,Private
3068,2,Public
3069,0,Private
3070,0,Private
3071,1,Private
3072,1,Private
3073,0,Private
3074,2,Private
3075,1,Public
3076,1,Private
3077,2,Private
3078,2,Public
3079,2,Private
3080,2,Public
3081,1,Private
3082,1,Private
3083,0,Private
3084,2,Private
3085,0,Private
3086,2,Public
3087,1,Private
3088,0,Public
3089,1,Private
3090,2,Private
3091,2,Public
3092,0,Private
3093,2,Public
3094,0,Private
3095,0,Private
3096,2,Private
3097,0,Private
3098,1,Private
3099,1,Public
3100,0,Public
3101,2,Private
3102,1,Private
3103,1,Private
3104,1,Private
3105,1,Private
3106,0,Private
3107,1,Private
3108,1,Private
3109,2,Private
3110,2,Public
3111,0,Private
3112,1,Private
3113,2,Private
3114,2,Private
3115,2,Private
3116,1,Private
3117,2,Private
3118,0,Public
3119,2,Private
3120,2,Private
3121,1,Private
3122,2,Private
3123,1,Private
3124,1,Public
3125,2,Private
3126,1,Private
3127,0,Private
3128,2,Private
3129,2,Private
3130,0,Public
3131,1,Public
3132,1,Public
3133,2,Private
3134,2,Private
3135,2,Private
3136,0,Private
3137,1,Public
3138,0,Private
3139,0,Private
3140,1,Private
3141,2,Private
3142,0,Private
3143,1,Private
3144,0,Private
3145,1,Private
3146,1,Private
3147,2,Private
3148,1,Private
3149,2,Private
3150,2,Private
3151,0,Public
3152,2,Private
3153,1,Public
3154,1,Public
3155,0,Private
3156,2,Private
3157,1,Private
3158,0,Private
3159,0,Private
3160,2,Public
3161,1,Private
3162,0,Public
3163,2,Private
3164,0,Private
3165,1,Private
3166,2,Private
3167,1,Public
3168,1,Private
3169,0,Public
3170,0,Public
3171,2,Public
3172,2,Private
3173,2,Private
3174,0,Private
3175,0,Private
3176,0,Private
3177,0,Private
3178,0,Private
3179,0,Private
3180,0,Private
3181,2,Private
3182,0,Private
3183,1,Private
3184,2,Private
3185,0,Private
3186,0,Private
3187,0,Public
3188,0,Private
3189,1,Private
3190,2,Private
3191,0,Private
3192,2,Public
3193,2,Private
3194,2,Private
3195,0,Private
3196,2,Private
3197,2,Public
3198,2,Private
3199,2,Private
3200,0,Private
3201,2,Private
3202,1,Private
3203,0,Private
3204,1,Public
3205,0,Public
3206,2,Public
3207,1,Public
3208,0,Private
3209,1,Private
3210,2,Private
3211,1,Private
3212,1,Private
3213,1,Private
3214,1,Private
3215,0,Private
3216,2,Private
3217,1,Private
3218,1,Public
3219,1,Private
3220,1,Private
3221,1,Private
3222,0,Private
3223,1,Private
3224,2,Private
3225,0,Public
3226,1,Private
3227,2,Private
3228,0,Private
3229,0,Private
3230,0,Private
3231,2,Private
3232,2,Private
3233,0,Private
3234,0,Private
3235,0,Private
3236,1,Private
3237,1,Public
3238,2,Private
3239,2,Private
3240,2,Private
3241,1,Public
3242,2,Private
3243,1,Private
3244,0,Private
3245,0,Private
3246,1,Private
3247,1,Private
3248,2,Private
3249,1,Private
3250,2,Public
3251,1,Public
3252,0,Private
3253,2,Private
3254,0,Private
3255,2,Private
3256,2,Private
3257,2,Private
3258,0,Private
3259,1,Private
3260,0,Private
3261,2,Public
3262,0,Private
3263,2,Private
3264,1,Private
3265,2,Private
3266,2,Private
3267,0,Private
3268,1,Private
3269,1,Private
3270,2,Private
3271,2,Private
3272,0,Private
3273,1,Public
3274,0,Private
3275,0,Private
3276,0,Private
3277,2,Private
3278,2,Public
3279,1,Private
3280,2,Private
3281,0,Private
3282,2,Private
3283,2,Private
3284,1,Private
3285,1,Private
3286,2,Public
3287,1,Public
3288,1,Private
3289,1,Private
3290,1,Private
3291,2,Public
3292,2,Private
3293,0,Private
3294,1,Private
3295,0,Public
3296,1,Private
3297,1,Private
3298,2,Private
3299,1,Private
3300,0,Private
3301,1,Private
3302,2,Private
3303,2,Private
3304,1,Private
3305,2,Public
3306,2,Private
3307,1,Private
3308,1,Private
3309,1,Public
3310,1,Private
3311,1,Public
3312,2,Public
3313,2,Private
3314,2,Private
3315,2,Private
3316,1,Private
3317,0,Private
3318,0,Public
3319,1,Private
3320,1,Private
3321,2,Private
3322,2,Public
3323,0,Public
3324,2,Private
3325,1,Private
3326,2,Public
3327,0,Private
3328,1,Private
3329,2,Private
3330,0,Public
3331,0,Public
3332,0,Private
3333,2,Private
3334,2,Private
3335,2,Public
3336,0,Public
3337,0,Private
3338,1,Private
3339,1,Public
3340,2,Private
3341,1,Private
3342,2,Private
3343,1,Public
3344,0,Public
3345,2,Public
3346,2,Private
3347,1,Public
3348,2,Private
3349,0,Private
3350,0,Private
3351,0,Private
3352,2,Private
3353,0,Private
3354,2,Private
3355,2,Private
3356,0,Private
3357,1,Private
3358,2,Private
3359,1,Private
3360,2,Private
3361,0,Private
3362,1,Private
3363,0,Private
3364,2,Private
3365,1,Private
3366,1,Private
3367,2,Private
3368,1,Private
3369,0,Private
3370,1,Private
3371,1,Private
3372,2,Private
3373,1,Private
3374,2,Private
3375,1,Private
3376,0,Public
3377,1,Private
3378,1,Private
3379,0,Public
3380,2,Private
3381,2,Private
3382,2,Private
3383,1,Private
3384,2,Private
3385,2,Private
3386,2,Private
3387,1,Private
3388,2,Private
3389,1,Private
3390,1,Private
3391,0,Private
3392,2,Private
3393,2,Private
3394,1,Private
3395,2,Private
3396,1,Private
3397,0,Private
3398,2,Private
3399,0,Private
3400,2,Private
3401,0,Private
3402,0,Private
3403,1,Private
3404,1,Private
3405,0,Private
3406,2,Public
3407,1,Public
3408,0,Private
3409,0,Private
3410,0,Public
3411,1,Private
3412,1,Private
3413,0,Public
3414,2,Private
3415,2,Private
3416,1,Private
3417,1,Private
3418,1,Private
3419,0,Private
3420,0,Public
3421,0,Private
3422,0,Private
3423,2,Public
3424,0,Private
3425,1,Private
3426,0,Public
3427,2,Public
3428,0,Public
3429,1,Private
3430,0,Private
3431,2,Private
3432,0,Private
3433,2,Private
3434,0,Private
3435,2,Private
3436,1,Private
3437,1,Public
3438,0,Private
3439,2,Private
3440,0,Private
3441,1,Private
3442,2,Private
3443,2,Private
3444,2,Private
3445,1,Public
3446,0,Public
3447,2,Private
3448,2,Private
3449,2,Private
3450,0,Private
3451,0,Private
3452,1,Private
3453,0,Private
3454,1,Private
3455,1,Public
3456,1,Public
3457,0,Private
3458,0,Private
3459,1,Private
3460,1,Public
3461,0,Public
3462,1,Private
3463,0,Private
3464,0,Public
3465,1,Private
3466,0,Public
3467,2,Private
3468,2,Private
3469,0,Private
3470,2,Public
3471,0,Public
3472,1,Private
3473,2,Private
3474,1,Private
3475,2,Private
3476,0,Private
3477,1,Private
3478,2,Private
3479,1,Private
3480,1,Public
3481,0,Private
3482,0,Public
3483,1,Private
3484,0,Private
3485,2,Private
3486,0,Private
3487,2,Private
3488,1,Private
3489,0,Public
3490,2,Private
3491,0,Private
3492,1,Private
3493,2,Private
3494,2,Public
3495,2,Private
3496,1,Private
3497,0,Private
3498,1,Public
3499,1,Private
3500,2,Public
3501,0,Public
3502,1,Private
3503,2,Private
3504,1,Public
3505,2,Public
3506,0,Public
3507,0,Private
3508,0,Private
3509,2,Private
3510,2,Private
3511,1,Private
3512,1,Private
3513,0,Private
3514,0,Public
3515,1,Private
3516,0,Private
3517,0,Public
3518,0,Public
3519,0,Private
3520,1,Private
3521,1,Private
3522,2,Private
3523,0,Private
3524,1,Public
3525,1,Private
3526,2,Private
3527,0,Private
3528,0,Public
3529,0,Private
3530,1,Private
3531,0,Private
3532,1,Private
3533,2,Private
3534,1,Private
3535,1,Public
3536,1,Public
3537,2,Private
3538,1,Private
3539,0,Private
3540,0,Private
3541,0,Private
3542,2,Private
3543,0,Public
3544,0,Private
3545,0,Private
3546,0,Public
3547,1,Private
3548,2,Private
3549,2,Private
3550,0,Private
3551,0,Private
3552,2,Private
3553,1,Private
3554,1,Private
3555,2,Private
3556,1,Public
3557,0,Private
3558,1,Private
3559,0,Private
3560,1,Private
3561,2,Public
3562,2,Private
3563,0,Private
3564,1,Private
3565,0,Private
3566,0,Private
3567,1,Public
3568,0,Private
3569,2,Private
3570,0,Private
3571,0,Private
3572,1,Public
3573,2,Private
3574,0,Private
3575,1,Public
3576,0,Private
3577,0,Public
3578,2,Private
3579,0,Public
3580,2,Private
3581,0,Private
3582,1,Private
3583,0,Private
3584,1,Private
3585,1,Private
3586,1,Private
3587,1,Private
3588,0,Private
3589,2,Private
3590,1,Private
3591,0,Private
3592,2,Private
3593,1,Private
3594,1,Public
3595,0,Private
3596,1,Private
3597,1,Private
3598,1,Private
3599,0,Public
3600,2,Private
3601,1,Private
3602,1,Private
3603,2,Private
3604,0,Private
3605,0,Public
3606,1,Private
3607,0,Private
3608,0,Private
3609,2,Private
3610,1,Private
3611,2,Private
3612,1,Private
3613,2,Private
3614,2,Private
3615,0,Private
3616,1,Private
3617,0,Private
3618,2,Private
3619,0,Private
3620,1,Private
3621,2,Private
3622,0,Private
3623,1,Private
3624,0,Public
3625,0,Private
3626,1,Private
3627,0,Public
3628,1,Public
3629,1,Private
3630,1,Private
3631,2,Private
3632,0,Private
3633,0,Private
3634,0,Private
3635,2,Public
3636,2,Private
3637,2,Private
3638,2,Private
3639,1,Private
3640,0,Private
3641,1,Private
3642,0,Private
3643,1,Private
3644,2,Private
3645,2,Private
3646,1,Private
3647,2,Private
3648,0,Private
3649,0,Private
3650,2,Private
3651,2,Private
3652,1,Private
3653,2,Public
3654,2,Private
3655,2,Private
3656,0,Private
3657,2,Public
3658,2,Private
3659,0,Private
3660,0,Private
3661,0,Public
3662,1,Private
3663,1,Private
3664,0,Private
3665,1,Private
3666,1,Private
3667,2,Private
3668,1,Private
3669,1,Private
3670,0,Private
3671,2,Private
3672,1,Private
3673,2,Public
3674,1,Public
3675,1,Private
3676,0,Private
3677,0,Public
3678,2,Private
3679,1,Private
3680,1,Private
3681,2,Private
3682,0,Private
3683,0,Private
3684,1,Private
3685,0,Public
3686,1,Private
3687,1,Private
3688,0,Private
3689,0,Private
3690,1,Private
3691,1,Private
3692,1,Private
3693,2,Private
3694,2,Private
3695,0,Private
3696,0,Private
3697,1,Public
3698,0,Private
3699,1,Private
3700,0,Public
3701,2,Private
3702,2,Public
3703,2,Private
3704,0,Public
3705,1,Private
3706,0,Private
3707,2,Private
3708,2,Private
3709,1,Private
3710,2,Private
3711,1,Public
3712,0,Private
3713,2,Private
3714,1,Private
3715,0,Public
3716,2,Private
3717,2,Private
3718,1,Private
3719,0,Public
3720,2,Private
3721,0,Public
3722,1,Public
3723,2,Private
3724,0,Public
3725,1,Private
3726,2,Public
3727,0,Private
3728,2,Private
3729,0,Private
3730,0,Private
3731,0,Private
3732,0,Private
3733,2,Private
3734,0,Private
3735,0,Private
3736,0,Private
3737,0,Public
3738,1,Private
3739,2,Private
3740,2,Private
3741,2,Private
3742,2,Private
3743,0,Private
3744,0,Public
3745,0,Private
3746,2,Public
3747,2,Private
3748,2,Private
3749,0,Private
3750,0,Private
3751,1,Private
3752,1,Private
3753,0,Private
3754,2,Private
3755,1,Private
3756,0,Private
3757,2,Private
3758,0,Private
3759,2,Private
3760,0,Private
3761,0,Private
3762,1,Private
3763,0,Private
3764,1,Private
3765,0,Public
3766,0,Private
3767,0,Private
3768,1,Private
3769,2,Private
3770,1,Private
3771,0,Private
3772,2,Private
3773,1,Private
3774,2,Private
3775,2,Private
3776,2,Private
3777,1,Private
3778,0,Private
3779,0,Private
3780,1,Private
3781,2,Private
3782,1,Private
3783,2,Private
3784,2,Private
3785,0,Public
3786,1,Private
3787,0,Private
3788,2,Private
3789,1,Private
3790,2,Private
3791,0,Private
3792,0,Public
3793,1,Private
3794,2,Private
3795,2,Private
3796,0,Private
3797,0,Private
3798,0,Public
3799,0,Public
3800,2,Public
3801,1,Private
3802,0,Private
3803,1,Public
3804,0,Private
3805,1,Private
3806,0,Private
3807,2,Public
3808,0,Private
3809,2,Private
3810,0,Public
3811,0,Private
3812,0,Private
3813,2,Private
3814,2,Public
3815,1,Private
3816,1,Private
3817,0,Private
3818,0,Public
3819,1,Private
3820,0,Private
3821,0,Public
3822,0,Private
3823,1,Private
3824,1,Private
3825,1,Private
3826,1,Private
3827,0,Private
3828,0,Private
3829,2,Private
3830,2,Private
3831,0,Private
3832,2,Public
3833,1,Public
3834,2,Private
3835,2,Private
3836,1,Private
3837,1,Private
3838,0,Public
3839,2,Private
3840,0,Private
3841,1,Private
3842,2,Private
3843,1,Private
3844,1,Private
3845,0,Private
3846,1,Private
3847,0,Private
3848,1,Private
3849,1,Private
3850,2,Private
3851,2,Private
3852,0,Private
3853,0,Private
3854,0,Public
3855,0,Private
3856,0,Private
3857,2,Private
3858,0,Private
3859,2,Private
3860,0,Private
3861,0,Private
3862,2,Private
3863,1,Private
3864,0,Public
3865,1,Private
3866,2,Public
3867,0,Private
3868,2,Private
3869,2,Private
3870,0,Private
3871,2,Public
3872,1,Private
3873,0,Private
3874,0,Private
3875,2,Private
3876,0,Private
3877,2,Private
3878,1,Private
3879,1,Private
3880,0,Private
3881,0,Private
3882,2,Private
3883,1,Private
3884,1,Private
3885,1,Private
3886,0,Public
3887,1,Private
3888,2,Private
3889,2,Public
3890,1,Private
3891,2,Public
3892,1,Public
3893,2,Private
3894,2,Private
3895,1,Private
3896,2,Private
3897,2,Private
3898,2,Private
3899,1,Private
3900,1,Private
3901,0,Public
3902,2,Private
3903,2,Private
3904,2,Private
3905,2,Private
3906,1,Private
3907,2,Public
3908,0,Private
3909,2,Private
3910,2,Private
3911,1,Private
3912,0,Private
3913,2,Private
3914,2,Private
3915,0,Private
3916,2,Private
3917,0,Private
3918,2,Public
3919,1,Public
3920,1,Private
3921,2,Public
3922,0,Public
3923,0,Private
3924,1,Public
3925,0,Private
3926,1,Private
3927,1,Private
3928,2,Public
3929,1,Private
3930,2,Public
3931,2,Private
3932,1,Private
3933,1,Private
3934,1,Private
3935,1,Private
3936,0,Private
3937,0,Private
3938,2,Public
3939,2,Private
3940,1,Private
3941,0,Public
3942,2,Private
3943,0,Private
3944,2,Private
3945,0,Private
3946,2,Private
3947,1,Private
3948,0,Private
3949,0,Private
3950,0,Public
3951,1,Public
3952,2,Private
3953,2,Private
3954,1,Private
3955,2,Private
3956,0,Private
3957,0,Private
3958,2,Private
3959,1,Private
3960,0,Public
3961,0,Public
3962,2,Public
3963,2,Private
3964,2,Private
3965,1,Public
3966,0,Private
3967,1,Public
3968,0,Private
3969,1,Private
3970,0,Private
3971,0,Private
3972,1,Private
3973,0,Public
3974,0,Private
3975,2,Private
3976,1,Private
3977,1,Private
3978,0,Private
3979,2,Public
3980,2,Private
3981,1,Private
3982,0,Private
3983,1,Public
3984,1,Private
3985,0,Public
3986,1,Private
3987,2,Private
3988,2,Private
3989,0,Public
3990,0,Public
3991,2,Private
3992,0,Private
3993,2,Private
3994,2,Private
3995,2,Private
3996,0,Public
3997,1,Private
3998,1,Private
3999,0,Private
4000,0,Private
4001,0,Public
4002,0,Private
4003,1,Private
4004,1,Private
4005,2,Private
4006,0,Private
4007,2,Private
4008,1,Private
4009,2,Private
4010,0,Private
4011,2,Private
4012,0,Private
4013,0,Private
4014,0,Private
4015,1,Public
4016,0,Private
4017,1,Private
4018,1,Public
4019,0,Private
4020,0,Private
4021,2,Public
4022,0,Private
4023,1,Public
4024,0,Public
4025,2,Private
4026,2,Public
4027,2,Public
4028,1,Public
4029,1,Private
4030,0,Public
4031,2,Private
4032,2,Private
4033,0,Private
4034,2,Public
4035,2,Private
4036,2,Private
4037,2,Private
4038,2,Private
4039,0,Private
4040,2,Private
4041,2,Private
4042,0,Private
4043,1,Public
4044,0,Private
4045,0,Private
4046,0,Private
4047,2,Private
4048,2,Private
4049,2,Private
4050,1,Private
4051,1,Public
4052,1,Private
4053,0,Private
4054,1,Private
4055,0,Private
4056,0,Public
4057,0,Private
4058,0,Private
4059,2,Private
4060,2,Private
4061,0,Private
4062,1,Public
4063,2,Private
4064,1,Private
4065,0,Private
4066,2,Private
4067,2,Public
4068,1,Public
4069,0,Private
4070,0,Private
4071,0,Public
4072,1,Private
4073,1,Private
4074,0,Public
4075,1,Public
4076,2,Private
4077,1,Private
4078,2,Public
4079,1,Private
4080,1,Private
4081,1,Private
4082,1,Public
4083,0,Private
4084,1,Public
4085,0,Private
4086,0,Private
4087,1,Private
4088,0,Private
4089,0,Private
4090,0,Private
4091,1,Private
4092,2,Private
4093,0,Public
4094,2,Private
4095,2,Private
4096,1,Private
4097,0,Public
4098,2,Private
4099,0,Private
4100,0,Private
4101,2,Private
4102,2,Private
4103,0,Private
4104,0,Private
4105,2,Private
4106,1,Private
4107,1,Private
4108,1,Private
4109,0,Public
4110,0,Private
4111,1,Private
4112,1,Private
4113,0,Private
4114,0,Private
4115,0,Private
4116,1,Private
4117,1,Private
4118,2,Private
4119,0,Public
4120,1,Private
4121,0,Public
4122,0,Private
4123,1,Private
4124,1,Private
4125,1,Private
4126,2,Public
4127,0,Private
4128,0,Private
4129,2,Private
4130,0,Public
4131,0,Private
4132,2,Private
4133,0,Private
4134,1,Private
4135,0,Private
4136,1,Private
4137,1,Public
4138,1,Private
4139,2,Public
4140,2,Private
4141,0,Private
4142,1,Private
4143,1,Private
4144,0,Private
4145,2,Public
4146,2,Private
4147,1,Public
4148,2,Public
4149,0,Private
4150,0,Private
4151,0,Private
4152,0,Private
4153,0,Private
4154,1,Private
4155,0,Private
4156,0,Private
4157,2,Public
4158,0,Private
4159,0,Private
4160,1,Private
4161,0,Private
4162,0,Private
4163,0,Private
4164,0,Public
4165,1,Private
4166,1,Public
4167,1,Private
4168,0,Private
4169,1,Private
4170,0,Public
4171,2,Private
4172,1,Public
4173,2,Private
4174,2,Private
4175,0,Private
4176,0,Public
4177,1,Private
4178,1,Private
4179,1,Private
4180,2,Public
4181,2,Public
4182,2,Public
4183,0,Private
4184,1,Private
4185,0,Private
4186,0,Private
4187,0,Private
4188,0,Private
4189,0,Private
4190,2,Private
4191,1,Private
4192,1,Private
4193,1,Private
4194,1,Private
4195,0,Public
4196,1,Private
4197,0,Private
4198,1,Public
4199,2,Private
4200,2,Private
4201,2,Private
4202,0,Public
4203,2,Private
4204,0,Private
4205,2,Private
4206,0,Private
4207,1,Private
4208,0,Public
4209,0,Private
4210,0,Private
4211,1,Private
4212,2,Public
4213,2,Private
4214,2,Public
4215,2,Private
4216,1,Private
4217,1,Private
4218,1,Private
4219,1,Private
4220,2,Private
4221,1,Private
4222,0,Public
4223,0,Private
4224,0,Private
4225,2,Public
4226,0,Private
4227,2,Public
4228,2,Private
4229,1,Public
4230,1,Public
4231,0,Private
4232,1,Private
4233,1,Private
4234,1,Public
4235,0,Private
4236,2,Public
4237,2,Private
4238,0,Private
4239,0,Private
4240,0,Private
4241,1,Public
4242,2,Private
4243,0,Private
4244,2,Private
4245,2,Private
4246,2,Private
4247,0,Private
4248,0,Private
4249,0,Private
4250,1,Private
4251,1,Private
4252,0,Private
4253,1,Private
4254,0,Private
4255,0,Private
4256,2,Private
4257,1,Public
4258,0,Public
4259,2,Private
4260,2,Private
4261,2,Private
4262,1,Private
4263,2,Private
4264,1,Public
4265,2,Private
4266,1,Private
4267,2,Public
4268,0,Private
4269,1,Private
4270,1,Private
4271,1,Private
4272,0,Private
4273,2,Private
4274,2,Private
4275,2,Private
4276,1,Private
4277,0,Private
4278,2,Public
4279,2,Public
4280,2,Private
4281,0,Public
4282,0,Private
4283,0,Private
4284,0,Private
4285,2,Private
4286,1,Public
4287,0,Private
4288,1,Private
4289,2,Private
4290,0,Public
4291,1,Private
4292,0,Private
4293,1,Public
4294,0,Private
4295,2,Private
4296,1,Private
4297,1,Private
4298,0,Private
4299,2,Private
4300,0,Private
4301,1,Private
4302,2,Private
4303,2,Public
4304,2,Private
4305,2,Private
4306,0,Private
4307,2,Public
4308,0,Public
4309,1,Private
4310,1,Private
4311,0,Private
4312,1,Private
4313,0,Private
4314,2,Private
4315,0,Public
4316,1,Private
4317,1,Private
4318,1,Private
4319,2,Private
4320,1,Private
4321,1,Private
4322,0,Private
4323,2,Private
4324,1,Public
4325,1,Public
4326,2,Private
4327,2,Private
4328,0,Private
4329,1,Private
4330,2,Public
4331,2,Public
4332,2,Private
4333,2,Public
4334,1,Private
4335,0,Private
4336,2,Public
4337,0,Private
4338,1,Private
4339,0,Private
4340,2,Private
4341,0,Private
4342,0,Public
4343,1,Public
4344,2,Private
4345,2,Private
4346,0,Private
4347,1,Private
4348,0,Private
4349,1,Private
4350,1,Private
4351,1,Private
4352,2,Private
4353,0,Private
4354,0,Public
4355,1,Public
4356,2,Private
4357,2,Private
4358,1,Private
4359,2,Private
4360,0,Private
4361,1,Private
4362,1,Private
4363,2,Public
4364,1,Private
4365,1,Private
4366,1,Private
4367,1,Public
4368,0,Private
4369,0,Private
4370,0,Private
4371,2,Private
4372,1,Private
4373,2,Private
4374,0,Private
4375,1,Private
4376,0,Private
4377,0,Private
4378,2,Private
4379,1,Public
4380,1,Private
4381,1,Private
4382,2,Private
4383,0,Private
4384,1,Private
4385,0,Public
4386,1,Private
4387,2,Private
4388,1,Private
4389,0,Private
4390,2,Private
4391,2,Public
4392,0,Private
4393,1,Private
4394,1,Private
4395,0,Public
4396,1,Public
4397,0,Private
4398,1,Public
4399,2,Private
4400,2,Private
4401,0,Private
4402,2,Private
4403,2,Private
4404,0,Private
4405,0,Private
4406,2,Public
4407,1,Public
4408,1,Private
4409,0,Private
4410,0,Public
4411,2,Private
4412,0,Private
4413,2,Private
4414,2,Private
4415,0,Private
4416,1,Private
4417,1,Private
4418,0,Private
4419,2,Private
4420,1,Private
4421,0,Private
4422,1,Private
4423,2,Private
4424,0,Private
4425,0,Private
4426,0,Private
4427,1,Private
4428,2,Private
4429,1,Public
4430,2,Private
4431,1,Private
4432,2,Public
4433,0,Private
4434,1,Private
4435,0,Private
4436,0,Public
4437,0,Private
4438,2,Public
4439,0,Private
4440,1,Public
4441,2,Private
4442,2,Private
4443,2,Private
4444,2,Private
4445,1,Private
4446,1,Private
4447,2,Private
4448,0,Private
4449,1,Private
4450,0,Public
4451,0,Private
4452,1,Private
4453,1,Private
4454,0,Private
4455,2,Private
4456,2,Private
4457,1,Private
4458,0,Private
4459,0,Private
4460,0,Private
4461,0,Public
4462,2,Private
4463,1,Private
4464,0,Private
4465,1,Private
4466,2,Public
4467,1,Private
4468,1,Private
4469,0,Private
4470,2,Private
4471,0,Private
4472,2,Private
4473,0,Public
4474,1,Public
4475,2,Private
4476,1,Private
4477,2,Private
4478,0,Private
4479,2,Private
4480,1,Public
4481,0,Public
4482,0,Private
4483,2,Private
4484,2,Public
4485,0,Public
4486,1,Public
4487,1,Private
4488,1,Private
4489,2,Private
4490,1,Private
4491,2,Private
4492,1,Private
4493,0,Private
4494,2,Public
4495,1,Private
4496,0,Private
4497,2,Private
4498,1,Public
4499,2,Private
